{"cameraMode":{"drawMode":0,"name":"Shaded","section":"Shading Mode"},"sceneLighting":false,"audioPlay":false,"sceneViewState":{"m_AlwaysRefresh":false,"showFog":true,"showSkybox":false,"showFlares":true,"showImageEffects":true,"showParticleSystems":true,"showVisualEffectGraphs":true,"m_FxEnabled":true},"in2DMode":false,"pivot":{"x":-0.05066175013780594,"y":-0.007699757814407349,"z":0.012693703174591065},"rotation":{"x":-0.05428998917341232,"y":-0.9334008097648621,"z":0.3165874183177948,"w":-0.16006435453891755},"size":0.4184856712818146,"orthographic":false}