{"cameraMode":{"drawMode":0,"name":"Shaded","section":"Shading Mode"},"sceneLighting":false,"audioPlay":false,"sceneViewState":{"m_AlwaysRefresh":false,"showFog":true,"showSkybox":false,"showFlares":true,"showImageEffects":true,"showParticleSystems":true,"showVisualEffectGraphs":true,"m_FxEnabled":true},"in2DMode":false,"pivot":{"x":0.9545869827270508,"y":-0.25349265336990359,"z":0.8944393992424011},"rotation":{"x":-0.2983874976634979,"y":0.12746018171310426,"z":-0.04016702622175217,"w":-0.9450942277908325},"size":0.37441545724868777,"orthographic":false}