{"cameraMode":{"drawMode":0,"name":"Shaded","section":"Shading Mode"},"sceneLighting":false,"audioPlay":false,"sceneViewState":{"m_AlwaysRefresh":false,"showFog":true,"showSkybox":false,"showFlares":true,"showImageEffects":true,"showParticleSystems":true,"showVisualEffectGraphs":true,"m_FxEnabled":true},"in2DMode":false,"pivot":{"x":0.5645661354064941,"y":1.2733304500579835,"z":0.15862323343753816},"rotation":{"x":-0.004997645504772663,"y":-0.9939550757408142,"z":0.0972185730934143,"w":-0.05106767639517784},"size":1.242164134979248,"orthographic":false}