{"cameraMode":{"drawMode":0,"name":"Shaded","section":"Shading Mode"},"sceneLighting":false,"audioPlay":false,"sceneViewState":{"m_AlwaysRefresh":false,"showFog":false,"showSkybox":false,"showFlares":false,"showImageEffects":false,"showParticleSystems":false,"showVisualEffectGraphs":true,"m_FxEnabled":true},"in2DMode":false,"pivot":{"x":0.4671519994735718,"y":0.9218427538871765,"z":-0.36720597743988039},"rotation":{"x":0.06401338428258896,"y":0.9203632473945618,"z":-0.17015664279460908,"w":0.3463519513607025},"size":1.025007724761963,"orthographic":false}