{"cameraMode":{"drawMode":0,"name":"Shaded","section":"Shading Mode"},"sceneLighting":false,"audioPlay":false,"sceneViewState":{"m_AlwaysRefresh":false,"showFog":false,"showSkybox":false,"showFlares":false,"showImageEffects":false,"showParticleSystems":false,"showVisualEffectGraphs":true,"m_FxEnabled":true},"in2DMode":false,"pivot":{"x":0.19570010900497437,"y":1.0060946941375733,"z":0.18279188871383668},"rotation":{"x":-0.09523008018732071,"y":-0.8959856033325195,"z":0.23338888585567475,"w":-0.36571022868156435},"size":1.4119970798492432,"orthographic":false}