{"cameraMode":{"drawMode":0,"name":"Shaded","section":"Shading Mode"},"sceneLighting":false,"audioPlay":false,"sceneViewState":{"m_AlwaysRefresh":false,"showFog":true,"showSkybox":false,"showFlares":true,"showImageEffects":true,"showParticleSystems":true,"showVisualEffectGraphs":true,"m_FxEnabled":true},"in2DMode":false,"pivot":{"x":1.1920928955078126e-7,"y":2.042146682739258,"z":-0.9046544432640076},"rotation":{"x":-0.19453074038028718,"y":-0.4960430860519409,"z":0.11509837955236435,"w":-0.8383672833442688},"size":1.1296658515930176,"orthographic":false}