{"cameraMode":{"drawMode":0,"name":"Shaded","section":"Shading Mode"},"sceneLighting":false,"audioPlay":false,"sceneViewState":{"m_AlwaysRefresh":false,"showFog":true,"showSkybox":false,"showFlares":true,"showImageEffects":true,"showParticleSystems":true,"showVisualEffectGraphs":true,"m_FxEnabled":true},"in2DMode":false,"pivot":{"x":0.0000035762786865234377,"y":0.15610596537590028,"z":0.03912130743265152},"rotation":{"x":-0.09220979362726212,"y":-0.8902175426483154,"z":0.20796851813793183,"w":-0.3947025239467621},"size":0.4184856712818146,"orthographic":false}