{"cameraMode":{"drawMode":0,"name":"Shaded","section":"Shading Mode"},"sceneLighting":false,"audioPlay":false,"sceneViewState":{"m_AlwaysRefresh":false,"showFog":true,"showSkybox":false,"showFlares":true,"showImageEffects":true,"showParticleSystems":true,"showVisualEffectGraphs":true,"m_FxEnabled":true},"in2DMode":false,"pivot":{"x":2.299999952316284,"y":-3.7690000534057619,"z":67.41000366210938},"rotation":{"x":0.20573987066745759,"y":0.37707585096359255,"z":-0.08630336821079254,"w":0.8989138007164002},"size":1.2247449159622193,"orthographic":false}