{"cameraMode":{"drawMode":0,"name":"Shaded","section":"Shading Mode"},"sceneLighting":false,"audioPlay":false,"sceneViewState":{"m_AlwaysRefresh":false,"showFog":true,"showSkybox":false,"showFlares":true,"showImageEffects":true,"showParticleSystems":true,"showVisualEffectGraphs":true,"m_FxEnabled":true},"in2DMode":false,"pivot":{"x":-0.28520047664642336,"y":1.1968380212783814,"z":0.4216616749763489},"rotation":{"x":-0.13657350838184358,"y":-0.7425333857536316,"z":0.15943004190921784,"w":-0.6360811591148377},"size":0.6959642171859741,"orthographic":false}