{"cameraMode":{"drawMode":0,"name":"Shaded","section":"Shading Mode"},"sceneLighting":false,"audioPlay":false,"sceneViewState":{"m_AlwaysRefresh":false,"showFog":true,"showSkybox":false,"showFlares":true,"showImageEffects":true,"showParticleSystems":true,"showVisualEffectGraphs":true,"m_FxEnabled":true},"in2DMode":false,"pivot":{"x":-0.013029403984546662,"y":0.8738056421279907,"z":-0.04782748222351074},"rotation":{"x":-0.004997645504772663,"y":-0.9939550757408142,"z":0.0972185730934143,"w":-0.05106767639517784},"size":1.0416616201400757,"orthographic":false}