{"cameraMode":{"drawMode":0,"name":"Shaded","section":"Shading Mode"},"sceneLighting":false,"audioPlay":false,"sceneViewState":{"m_AlwaysRefresh":false,"showFog":false,"showSkybox":false,"showFlares":false,"showImageEffects":false,"showParticleSystems":false,"showVisualEffectGraphs":true,"m_FxEnabled":true},"in2DMode":false,"pivot":{"x":0.08565038442611695,"y":1.0390841960906983,"z":-0.5963006019592285},"rotation":{"x":0.048973988741636279,"y":0.9463061094284058,"z":-0.2693629264831543,"w":0.1721312552690506},"size":0.7786867022514343,"orthographic":false}