{"cameraMode":{"drawMode":0,"name":"Shaded","section":"Shading Mode"},"sceneLighting":false,"audioPlay":false,"sceneViewState":{"m_AlwaysRefresh":false,"showFog":true,"showSkybox":false,"showFlares":true,"showImageEffects":true,"showParticleSystems":true,"showVisualEffectGraphs":true,"m_FxEnabled":true},"in2DMode":false,"pivot":{"x":3.2974305152893068,"y":-4.3807268142700199,"z":59.94038009643555},"rotation":{"x":0.26282984018325808,"y":0.4335912764072418,"z":-0.13383953273296357,"w":0.8514730334281921},"size":1.8944041728973389,"orthographic":false}