{"cameraMode":{"drawMode":0,"name":"Shaded","section":"Shading Mode"},"sceneLighting":false,"audioPlay":false,"sceneViewState":{"m_AlwaysRefresh":false,"showFog":true,"showSkybox":false,"showFlares":true,"showImageEffects":true,"showParticleSystems":true,"showVisualEffectGraphs":true,"m_FxEnabled":true},"in2DMode":false,"pivot":{"x":0.5887141227722168,"y":0.9063341021537781,"z":0.18707656860351563},"rotation":{"x":0.012290050275623799,"y":-0.9803387522697449,"z":0.185998797416687,"w":0.06477830559015274},"size":0.31791144609451296,"orthographic":false}