{"cameraMode":{"drawMode":0,"name":"Shaded","section":"Shading Mode"},"sceneLighting":false,"audioPlay":false,"sceneViewState":{"m_AlwaysRefresh":false,"showFog":true,"showSkybox":false,"showFlares":true,"showImageEffects":true,"showParticleSystems":true,"showVisualEffectGraphs":true,"m_FxEnabled":true},"in2DMode":false,"pivot":{"x":1.43678617477417,"y":-0.0646364688873291,"z":1.0243405103683472},"rotation":{"x":-0.33862853050231936,"y":0.06537994742393494,"z":-0.023518038913607599,"w":-0.9384031295776367},"size":0.6744154691696167,"orthographic":false}