{"cameraMode":{"drawMode":0,"name":"Shaded","section":"Shading Mode"},"sceneLighting":false,"audioPlay":false,"sceneViewState":{"m_AlwaysRefresh":false,"showFog":true,"showSkybox":false,"showFlares":true,"showImageEffects":true,"showParticleSystems":true,"showVisualEffectGraphs":true,"m_FxEnabled":true},"in2DMode":false,"pivot":{"x":-0.2232879400253296,"y":0.2941337823867798,"z":-2.4485435485839845},"rotation":{"x":0.048171743750572208,"y":-0.9388802647590637,"z":0.3074922263622284,"w":0.1470860093832016},"size":2.915313720703125,"orthographic":false}