{"cameraMode":{"drawMode":0,"name":"Shaded","section":"Shading Mode"},"sceneLighting":false,"audioPlay":false,"sceneViewState":{"m_AlwaysRefresh":false,"showFog":true,"showSkybox":false,"showFlares":true,"showImageEffects":true,"showParticleSystems":true,"showVisualEffectGraphs":true,"m_FxEnabled":true},"in2DMode":false,"pivot":{"x":0.6511521339416504,"y":0.05156707763671875,"z":-0.7531335353851318},"rotation":{"x":-0.2821540832519531,"y":-0.4247385561466217,"z":0.14121761918067933,"w":-0.8485732078552246},"size":2.3326468467712404,"orthographic":false}