{"cameraMode":{"drawMode":0,"name":"Shaded","section":"Shading Mode"},"sceneLighting":false,"audioPlay":false,"sceneViewState":{"m_AlwaysRefresh":false,"showFog":true,"showSkybox":false,"showFlares":true,"showImageEffects":true,"showParticleSystems":true,"showVisualEffectGraphs":true,"m_FxEnabled":true},"in2DMode":false,"pivot":{"x":-0.23311221599578858,"y":1.2697601318359376,"z":0.38835078477859499},"rotation":{"x":-0.11722324043512345,"y":-0.8715951442718506,"z":0.40279293060302737,"w":-0.2536565959453583},"size":1.0842721462249756,"orthographic":false}