{"cameraMode":{"drawMode":0,"name":"Shaded","section":"Shading Mode"},"sceneLighting":false,"audioPlay":false,"sceneViewState":{"m_AlwaysRefresh":false,"showFog":true,"showSkybox":false,"showFlares":true,"showImageEffects":true,"showParticleSystems":true,"showVisualEffectGraphs":true,"m_FxEnabled":true},"in2DMode":false,"pivot":{"x":0.539082407951355,"y":1.3918112516403199,"z":1.339857578277588},"rotation":{"x":0.014524072408676148,"y":-0.981433629989624,"z":0.08263495564460755,"w":0.17249532043933869},"size":0.026891231536865236,"orthographic":false}