{"cameraMode":{"drawMode":0,"name":"Shaded","section":"Shading Mode"},"sceneLighting":false,"audioPlay":false,"sceneViewState":{"m_AlwaysRefresh":false,"showFog":true,"showSkybox":false,"showFlares":true,"showImageEffects":true,"showParticleSystems":true,"showVisualEffectGraphs":true,"m_FxEnabled":true},"in2DMode":false,"pivot":{"x":0.5441148281097412,"y":0.9415638446807861,"z":-0.018137812614440919},"rotation":{"x":-0.028349455446004869,"y":-0.9714332818984985,"z":0.17677119374275208,"w":-0.15579171478748322},"size":2.100961446762085,"orthographic":false}