{"cameraMode":{"drawMode":0,"name":"Shaded","section":"Shading Mode"},"sceneLighting":false,"audioPlay":false,"sceneViewState":{"m_AlwaysRefresh":false,"showFog":false,"showSkybox":false,"showFlares":false,"showImageEffects":false,"showParticleSystems":false,"showVisualEffectGraphs":true,"m_FxEnabled":true},"in2DMode":false,"pivot":{"x":0.03333774209022522,"y":0.8995240926742554,"z":-0.013528645038604737},"rotation":{"x":0.11126234382390976,"y":-0.8711732029914856,"z":0.2317606806755066,"w":0.41832512617111208},"size":1.5144095420837403,"orthographic":false}