{"cameraMode":{"drawMode":0,"name":"Shaded","section":"Shading Mode"},"sceneLighting":false,"audioPlay":false,"sceneViewState":{"m_AlwaysRefresh":false,"showFog":true,"showSkybox":false,"showFlares":true,"showImageEffects":true,"showParticleSystems":true,"showVisualEffectGraphs":true,"m_FxEnabled":true},"in2DMode":false,"pivot":{"x":-0.23445244133472444,"y":1.0410603284835816,"z":0.3480229079723358},"rotation":{"x":0.005579042714089155,"y":0.9886667728424072,"z":-0.03798084333539009,"w":0.14517396688461305},"size":0.18427211046218873,"orthographic":false}