{"cameraMode":{"drawMode":0,"name":"Shaded","section":"Shading Mode"},"sceneLighting":false,"audioPlay":false,"sceneViewState":{"m_AlwaysRefresh":false,"showFog":true,"showSkybox":false,"showFlares":true,"showImageEffects":true,"showParticleSystems":true,"showVisualEffectGraphs":true,"m_FxEnabled":true},"in2DMode":false,"pivot":{"x":-0.20642676949501038,"y":1.0371357202529908,"z":-0.1416226029396057},"rotation":{"x":-0.028118250891566278,"y":-0.9695999026298523,"z":0.1346600502729416,"w":-0.20244278013706208},"size":0.8296658396720886,"orthographic":false}