{"cameraMode":{"drawMode":0,"name":"Shaded","section":"Shading Mode"},"sceneLighting":false,"audioPlay":false,"sceneViewState":{"m_AlwaysRefresh":false,"showFog":true,"showSkybox":false,"showFlares":true,"showImageEffects":true,"showParticleSystems":true,"showVisualEffectGraphs":true,"m_FxEnabled":true},"in2DMode":false,"pivot":{"x":1.7689965963363648,"y":0.37196338176727297,"z":-2.087360382080078},"rotation":{"x":0.29241564869880679,"y":0.44274240732192995,"z":-0.1553705334663391,"w":0.8332682251930237},"size":2.4595119953155519,"orthographic":false}