{"cameraMode":{"drawMode":0,"name":"Shaded","section":"Shading Mode"},"sceneLighting":false,"audioPlay":false,"sceneViewState":{"m_AlwaysRefresh":false,"showFog":true,"showSkybox":false,"showFlares":true,"showImageEffects":true,"showParticleSystems":true,"showVisualEffectGraphs":true,"m_FxEnabled":true},"in2DMode":false,"pivot":{"x":0.14968210458755494,"y":0.7951580286026001,"z":0.9445902109146118},"rotation":{"x":-0.1157463788986206,"y":-0.8643651008605957,"z":0.2322549819946289,"w":-0.4307645261287689},"size":0.8754715323448181,"orthographic":false}