{"cameraMode":{"drawMode":0,"name":"Shaded","section":"Shading Mode"},"sceneLighting":false,"audioPlay":false,"sceneViewState":{"m_AlwaysRefresh":false,"showFog":true,"showSkybox":false,"showFlares":true,"showImageEffects":true,"showParticleSystems":true,"showVisualEffectGraphs":true,"m_FxEnabled":true},"in2DMode":false,"pivot":{"x":-0.02774214744567871,"y":0.8006359934806824,"z":-0.015781253576278688},"rotation":{"x":-0.00046781267155893147,"y":-0.9972955584526062,"z":0.07343333214521408,"w":-0.006316092796623707},"size":0.7767026424407959,"orthographic":false}