{"cameraMode":{"drawMode":0,"name":"Shaded","section":"Shading Mode"},"sceneLighting":false,"audioPlay":false,"sceneViewState":{"m_AlwaysRefresh":false,"showFog":true,"showSkybox":false,"showFlares":true,"showImageEffects":true,"showParticleSystems":true,"showVisualEffectGraphs":true,"m_FxEnabled":true},"in2DMode":false,"pivot":{"x":1.7426886558532715,"y":1.9150136709213257,"z":0.06412911415100098},"rotation":{"x":-0.31429868936538699,"y":0.08330927044153214,"z":-0.02770082652568817,"w":-0.9452599287033081},"size":1.4612524509429932,"orthographic":false}