{"cameraMode":{"drawMode":0,"name":"Shaded","section":"Shading Mode"},"sceneLighting":false,"audioPlay":false,"sceneViewState":{"m_AlwaysRefresh":false,"showFog":false,"showSkybox":false,"showFlares":false,"showImageEffects":false,"showParticleSystems":false,"showVisualEffectGraphs":true,"m_FxEnabled":true},"in2DMode":false,"pivot":{"x":0.14758509397506715,"y":0.676874577999115,"z":-0.41669073700904848},"rotation":{"x":0.3335528075695038,"y":0.4482300877571106,"z":-0.18499411642551423,"w":0.8085273504257202},"size":0.8702380061149597,"orthographic":false}