{"cameraMode":{"drawMode":0,"name":"Shaded","section":"Shading Mode"},"sceneLighting":false,"audioPlay":false,"sceneViewState":{"m_AlwaysRefresh":false,"showFog":false,"showSkybox":false,"showFlares":false,"showImageEffects":false,"showParticleSystems":false,"showVisualEffectGraphs":true,"m_FxEnabled":true},"in2DMode":false,"pivot":{"x":0.10755246877670288,"y":0.9689669609069824,"z":0.18862181901931764},"rotation":{"x":-0.20107410848140717,"y":-0.7100494503974915,"z":0.22432032227516175,"w":-0.6364660263061523},"size":2.1760010719299318,"orthographic":false}