{"cameraMode":{"drawMode":0,"name":"Shaded","section":"Shading Mode"},"sceneLighting":false,"audioPlay":false,"sceneViewState":{"m_AlwaysRefresh":false,"showFog":true,"showSkybox":false,"showFlares":true,"showImageEffects":true,"showParticleSystems":true,"showVisualEffectGraphs":true,"m_FxEnabled":true},"in2DMode":false,"pivot":{"x":0.0026274994015693666,"y":-0.060421355068683627,"z":-0.08941083401441574},"rotation":{"x":0.32869580388069155,"y":0.4284280240535736,"z":-0.17087151110172273,"w":0.8241438269615173},"size":0.459619402885437,"orthographic":false}