{"cameraMode":{"drawMode":0,"name":"Shaded","section":"Shading Mode"},"sceneLighting":false,"audioPlay":false,"sceneViewState":{"m_AlwaysRefresh":false,"showFog":true,"showSkybox":false,"showFlares":true,"showImageEffects":true,"showParticleSystems":true,"showVisualEffectGraphs":true,"m_FxEnabled":true},"in2DMode":false,"pivot":{"x":5.960464477539063e-8,"y":0.5468751192092896,"z":-0.1288568526506424},"rotation":{"x":0.2730948030948639,"y":-0.19876480102539063,"z":0.05777985230088234,"w":0.9394567012786865},"size":1.2614405155181885,"orthographic":false}