{"cameraMode":{"drawMode":0,"name":"Shaded","section":"Shading Mode"},"sceneLighting":false,"audioPlay":false,"sceneViewState":{"m_AlwaysRefresh":false,"showFog":true,"showSkybox":false,"showFlares":true,"showImageEffects":true,"showParticleSystems":true,"showVisualEffectGraphs":true,"m_FxEnabled":true},"in2DMode":false,"pivot":{"x":0.4875715970993042,"y":0.8701100945472717,"z":-0.019760549068450929},"rotation":{"x":-0.028349455446004869,"y":-0.9714332818984985,"z":0.17677119374275208,"w":-0.15579171478748322},"size":2.059988260269165,"orthographic":false}