{"cameraMode":{"drawMode":0,"name":"Shaded","section":"Shading Mode"},"sceneLighting":false,"audioPlay":false,"sceneViewState":{"m_AlwaysRefresh":false,"showFog":true,"showSkybox":false,"showFlares":true,"showImageEffects":true,"showParticleSystems":true,"showVisualEffectGraphs":true,"m_FxEnabled":true},"in2DMode":false,"pivot":{"x":0.06259727478027344,"y":0.9920083284378052,"z":0.3792499899864197},"rotation":{"x":-0.01148505974560976,"y":-0.9879235625267029,"z":0.12514126300811768,"w":-0.09066703915596008},"size":1.8168398141860963,"orthographic":false}