{"cameraMode":{"drawMode":0,"name":"Shaded","section":"Shading Mode"},"sceneLighting":false,"audioPlay":false,"sceneViewState":{"m_AlwaysRefresh":false,"showFog":true,"showSkybox":false,"showFlares":true,"showImageEffects":true,"showParticleSystems":true,"showVisualEffectGraphs":true,"m_FxEnabled":true},"in2DMode":false,"pivot":{"x":1.5329890251159669,"y":0.11432218551635742,"z":-2.106354236602783},"rotation":{"x":0.29241564869880679,"y":0.44274240732192995,"z":-0.1553705334663391,"w":0.8332682251930237},"size":3.510256290435791,"orthographic":false}