{"cameraMode":{"drawMode":0,"name":"Shaded","section":"Shading Mode"},"sceneLighting":false,"audioPlay":false,"sceneViewState":{"m_AlwaysRefresh":false,"showFog":true,"showSkybox":false,"showFlares":true,"showImageEffects":true,"showParticleSystems":true,"showVisualEffectGraphs":true,"m_FxEnabled":true},"in2DMode":false,"pivot":{"x":0.16804048418998719,"y":1.6772477626800538,"z":0.8406791687011719},"rotation":{"x":-0.019542189314961435,"y":0.965100109577179,"z":-0.2500320076942444,"w":-0.07543101161718369},"size":0.9212285876274109,"orthographic":false}