{"cameraMode":{"drawMode":0,"name":"Shaded","section":"Shading Mode"},"sceneLighting":false,"audioPlay":false,"sceneViewState":{"m_AlwaysRefresh":false,"showFog":false,"showSkybox":false,"showFlares":false,"showImageEffects":false,"showParticleSystems":false,"showVisualEffectGraphs":true,"m_FxEnabled":true},"in2DMode":false,"pivot":{"x":0.11240339279174805,"y":0.15749824047088624,"z":-1.8444932699203492},"rotation":{"x":0.04741799831390381,"y":0.950626015663147,"z":-0.2460915595293045,"w":0.18324777483940125},"size":1.3110058307647706,"orthographic":false}