{"cameraMode":{"drawMode":0,"name":"Shaded","section":"Shading Mode"},"sceneLighting":false,"audioPlay":false,"sceneViewState":{"m_AlwaysRefresh":false,"showFog":true,"showSkybox":false,"showFlares":true,"showImageEffects":true,"showParticleSystems":true,"showVisualEffectGraphs":true,"m_FxEnabled":true},"in2DMode":false,"pivot":{"x":-0.8790739178657532,"y":1.0901250839233399,"z":-1.4402350187301636},"rotation":{"x":-0.026317201554775239,"y":-0.9475348591804504,"z":0.3081228733062744,"w":-0.08092925697565079},"size":1.563476800918579,"orthographic":false}